tex2D_geo2D2all,tex3D_geo3D2all,tex2D_tex3D2all,tex2D_geo3D2all,geo2D_tex3D2all,geo2D_geo3D2all
4.608108108108108,3.6216216216216215,3.1283783783783785,1.9189189189189189,4.22972972972973,3.4932432432432434
